[{
  "_id": 1,
  "writer": {
    "_id": 2,
    "nickname": "골프치는라이언",
    "profile": "https://j7b301.p.ssafy.io/api/user/profile?from=/app/data/profiles/2.png",
    "validation": true
  },
  "post_id": 4,
  "content": "ㅇㅇㅇㅇㅇㅇㅇㅇㅇㅇㅇㅇㅇㅇㅇㅇㅇㅇㅇㅇ",
  "upper": 0,
  "regist_date": {
    "$date": {
      "$numberLong": "1665044928613"
    }
  },
  "update_date": {
    "$date": {
      "$numberLong": "1665044928613"
    }
  },
  "validation": true,
  "_class": "com.gdcd.back.domain.comment.Comment"
},{
  "_id": 2,
  "writer": {
    "_id": 2,
    "nickname": "골프치는라이언",
    "profile": "https://j7b301.p.ssafy.io/api/user/profile?from=/app/data/profiles/2.png",
    "validation": true
  },
  "post_id": 4,
  "content": "ㅇㅇㅇㅇㅇㅇㅇㅇㅇㅇㅇㅇㅇㅇㅇㅇㅇㅇㅇㅇ",
  "upper": 0,
  "regist_date": {
    "$date": {
      "$numberLong": "1665044934470"
    }
  },
  "update_date": {
    "$date": {
      "$numberLong": "1665044934470"
    }
  },
  "validation": true,
  "_class": "com.gdcd.back.domain.comment.Comment"
},{
  "_id": 3,
  "writer": {
    "_id": 2,
    "nickname": "골프치는라이언",
    "profile": "https://j7b301.p.ssafy.io/api/user/profile?from=/app/data/profiles/2.png",
    "validation": true
  },
  "post_id": 6,
  "content": "ㅇㅇㅇㅇㅇㅇㅇㅇㅇㅇㅇㅇㅇㅇ",
  "upper": 0,
  "regist_date": {
    "$date": {
      "$numberLong": "1665055745031"
    }
  },
  "update_date": {
    "$date": {
      "$numberLong": "1665055745031"
    }
  },
  "validation": false,
  "_class": "com.gdcd.back.domain.comment.Comment"
},{
  "_id": 4,
  "writer": {
    "_id": 2,
    "nickname": "골프치는라이언",
    "profile": "https://j7b301.p.ssafy.io/api/user/profile?from=/app/data/profiles/2.png",
    "validation": true
  },
  "post_id": 6,
  "content": "ㅇㅇㅇㅇㅇㅇ",
  "upper": 0,
  "regist_date": {
    "$date": {
      "$numberLong": "1665055753906"
    }
  },
  "update_date": {
    "$date": {
      "$numberLong": "1665055753906"
    }
  },
  "validation": false,
  "_class": "com.gdcd.back.domain.comment.Comment"
},{
  "_id": 5,
  "writer": {
    "_id": 2,
    "nickname": "골프치는라이언",
    "profile": "https://j7b301.p.ssafy.io/api/user/profile?from=/app/data/profiles/2.png",
    "validation": true
  },
  "post_id": 6,
  "content": "ㅇㅇㅇㅇ",
  "upper": 0,
  "regist_date": {
    "$date": {
      "$numberLong": "1665055755932"
    }
  },
  "update_date": {
    "$date": {
      "$numberLong": "1665055755932"
    }
  },
  "validation": false,
  "_class": "com.gdcd.back.domain.comment.Comment"
},{
  "_id": 6,
  "writer": {
    "_id": 2,
    "nickname": "골프치는라이언",
    "profile": "https://j7b301.p.ssafy.io/api/user/profile?from=/app/data/profiles/2.png",
    "validation": true
  },
  "post_id": 7,
  "content": "ㅇ",
  "upper": 0,
  "regist_date": {
    "$date": {
      "$numberLong": "1665055850243"
    }
  },
  "update_date": {
    "$date": {
      "$numberLong": "1665055850243"
    }
  },
  "validation": true,
  "_class": "com.gdcd.back.domain.comment.Comment"
},{
  "_id": 7,
  "writer": {
    "_id": 2,
    "nickname": "골프치는라이언",
    "profile": "https://j7b301.p.ssafy.io/api/user/profile?from=/app/data/profiles/2.png",
    "validation": true
  },
  "post_id": 8,
  "content": "ㅇㅇㅇㅇㅇ",
  "upper": 0,
  "regist_date": {
    "$date": {
      "$numberLong": "1665058384439"
    }
  },
  "update_date": {
    "$date": {
      "$numberLong": "1665058384439"
    }
  },
  "validation": false,
  "_class": "com.gdcd.back.domain.comment.Comment"
},{
  "_id": 8,
  "writer": {
    "_id": 2,
    "nickname": "골프치는라이언",
    "profile": "https://j7b301.p.ssafy.io/api/user/profile?from=/app/data/profiles/2.png",
    "validation": true
  },
  "post_id": 8,
  "content": "댓글작성합니다. ㅋㅋㅋㅋㅋㅋㅋㅋㅋㅋㅋ",
  "upper": 0,
  "regist_date": {
    "$date": {
      "$numberLong": "1665058831172"
    }
  },
  "update_date": {
    "$date": {
      "$numberLong": "1665058831172"
    }
  },
  "validation": true,
  "_class": "com.gdcd.back.domain.comment.Comment"
},{
  "_id": 9,
  "writer": {
    "_id": 2,
    "nickname": "골프치는라이언",
    "profile": "https://j7b301.p.ssafy.io/api/user/profile?from=/app/data/profiles/2.png",
    "validation": true
  },
  "post_id": 8,
  "content": "ㅇㅇㅇㅋㅋㅋㅋ",
  "upper": 0,
  "regist_date": {
    "$date": {
      "$numberLong": "1665060700727"
    }
  },
  "update_date": {
    "$date": {
      "$numberLong": "1665061508826"
    }
  },
  "validation": false,
  "_class": "com.gdcd.back.domain.comment.Comment"
},{
  "_id": 10,
  "writer": {
    "_id": 2,
    "nickname": "골프치는라이언",
    "profile": "https://j7b301.p.ssafy.io/api/user/profile?from=/app/data/profiles/2.png",
    "validation": true
  },
  "post_id": 8,
  "content": "ㅇㅇ",
  "upper": 0,
  "regist_date": {
    "$date": {
      "$numberLong": "1665060933820"
    }
  },
  "update_date": {
    "$date": {
      "$numberLong": "1665060933820"
    }
  },
  "validation": false,
  "_class": "com.gdcd.back.domain.comment.Comment"
},{
  "_id": 11,
  "writer": {
    "_id": 2,
    "nickname": "골프치는라이언",
    "profile": "https://j7b301.p.ssafy.io/api/user/profile?from=/app/data/profiles/2.png",
    "validation": true
  },
  "post_id": 8,
  "content": "ㅇㅇㅇ",
  "upper": 0,
  "regist_date": {
    "$date": {
      "$numberLong": "1665061093574"
    }
  },
  "update_date": {
    "$date": {
      "$numberLong": "1665061093574"
    }
  },
  "validation": false,
  "_class": "com.gdcd.back.domain.comment.Comment"
},{
  "_id": 12,
  "writer": {
    "_id": 2,
    "nickname": "골프치는라이언",
    "profile": "https://j7b301.p.ssafy.io/api/user/profile?from=/app/data/profiles/2.png",
    "validation": true
  },
  "post_id": 8,
  "content": "ㅇ",
  "upper": 0,
  "regist_date": {
    "$date": {
      "$numberLong": "1665061135899"
    }
  },
  "update_date": {
    "$date": {
      "$numberLong": "1665061135899"
    }
  },
  "validation": false,
  "_class": "com.gdcd.back.domain.comment.Comment"
},{
  "_id": 13,
  "writer": {
    "_id": 2,
    "nickname": "골프치는라이언",
    "profile": "https://j7b301.p.ssafy.io/api/user/profile?from=/app/data/profiles/2.png",
    "validation": true
  },
  "post_id": 8,
  "content": "ㅇㅇㅇ",
  "upper": 0,
  "regist_date": {
    "$date": {
      "$numberLong": "1665061139391"
    }
  },
  "update_date": {
    "$date": {
      "$numberLong": "1665061139391"
    }
  },
  "validation": false,
  "_class": "com.gdcd.back.domain.comment.Comment"
},{
  "_id": 14,
  "writer": {
    "_id": 2,
    "nickname": "골프치는라이언",
    "profile": "https://j7b301.p.ssafy.io/api/user/profile?from=/app/data/profiles/2.png",
    "validation": true
  },
  "post_id": 8,
  "content": "ㅇㅇㅇㅇㅇㅇㅇㅇㅇㅇㅇㅇㅇㅇㅇ",
  "upper": 0,
  "regist_date": {
    "$date": {
      "$numberLong": "1665061938182"
    }
  },
  "update_date": {
    "$date": {
      "$numberLong": "1665061938182"
    }
  },
  "validation": true,
  "_class": "com.gdcd.back.domain.comment.Comment"
},{
  "_id": 15,
  "writer": {
    "_id": 2,
    "nickname": "골프치는라이언",
    "profile": "https://j7b301.p.ssafy.io/api/user/profile?from=/app/data/profiles/2.png",
    "validation": true
  },
  "post_id": 8,
  "content": "ㅇㅇㅇㅇㅇㅇㅇㅇㅇㅇㅇㅇㅇㅇㅇㅇ",
  "upper": 0,
  "regist_date": {
    "$date": {
      "$numberLong": "1665061939929"
    }
  },
  "update_date": {
    "$date": {
      "$numberLong": "1665061939929"
    }
  },
  "validation": false,
  "_class": "com.gdcd.back.domain.comment.Comment"
},{
  "_id": 16,
  "writer": {
    "_id": 2,
    "nickname": "골프치는라이언",
    "profile": "https://j7b301.p.ssafy.io/api/user/profile?from=/app/data/profiles/2.png",
    "validation": true
  },
  "post_id": 13,
  "content": "ㅇㅁㄴㅇㅁㄴㅇㅁㄴㅁㅇㄴㅇㅇㅇ",
  "upper": 0,
  "regist_date": {
    "$date": {
      "$numberLong": "1665064454783"
    }
  },
  "update_date": {
    "$date": {
      "$numberLong": "1665064458316"
    }
  },
  "validation": false,
  "_class": "com.gdcd.back.domain.comment.Comment"
},{
  "_id": 17,
  "writer": {
    "_id": 2,
    "nickname": "골프치는라이언",
    "profile": "https://j7b301.p.ssafy.io/api/user/profile?from=/app/data/profiles/2.png",
    "validation": true
  },
  "post_id": 13,
  "content": "ㅇㅇㅇㅇㅇㅇㅇㅇㅇㅇㅇㅇㅇㅇㅋㅋㅋㅋ",
  "upper": 0,
  "regist_date": {
    "$date": {
      "$numberLong": "1665064464178"
    }
  },
  "update_date": {
    "$date": {
      "$numberLong": "1665064478461"
    }
  },
  "validation": false,
  "_class": "com.gdcd.back.domain.comment.Comment"
},{
  "_id": 18,
  "writer": {
    "_id": 2,
    "nickname": "골프치는라이언",
    "profile": "https://j7b301.p.ssafy.io/api/user/profile?from=/app/data/profiles/2.png",
    "validation": true
  },
  "post_id": 15,
  "content": "ㅇㅇㅇㅇㅇㅇㅇㅇㅇㅇㅇㅇㅇㅇㅇㅇㅇㅇㅇㅇ",
  "upper": 0,
  "regist_date": {
    "$date": {
      "$numberLong": "1665076090004"
    }
  },
  "update_date": {
    "$date": {
      "$numberLong": "1665076090004"
    }
  },
  "validation": false,
  "_class": "com.gdcd.back.domain.comment.Comment"
},{
  "_id": 19,
  "writer": {
    "_id": 2,
    "nickname": "골프치는라이언",
    "profile": "https://j7b301.p.ssafy.io/api/user/profile?from=/app/data/profiles/2.png",
    "validation": true
  },
  "post_id": 15,
  "content": "ㅇㅇㅇㅇㅇㅇㅇㅇㅇㅇㅇㅇㅇㅋㅋㅋㅋㅋㅋㅋ",
  "upper": 0,
  "regist_date": {
    "$date": {
      "$numberLong": "1665076093257"
    }
  },
  "update_date": {
    "$date": {
      "$numberLong": "1665076205264"
    }
  },
  "validation": false,
  "_class": "com.gdcd.back.domain.comment.Comment"
},{
  "_id": 20,
  "writer": {
    "_id": 2,
    "nickname": "골프치는라이언",
    "profile": "https://j7b301.p.ssafy.io/api/user/profile?from=/app/data/profiles/2.png",
    "validation": true
  },
  "post_id": 15,
  "content": "dddddddddddddddddddd",
  "upper": 0,
  "regist_date": {
    "$date": {
      "$numberLong": "1665079923601"
    }
  },
  "update_date": {
    "$date": {
      "$numberLong": "1665079923601"
    }
  },
  "validation": true,
  "_class": "com.gdcd.back.domain.comment.Comment"
},{
  "_id": 21,
  "writer": {
    "_id": 2,
    "nickname": "골프치는라이언",
    "profile": "https://j7b301.p.ssafy.io/api/user/profile?from=/app/data/profiles/2.png",
    "validation": true
  },
  "post_id": 15,
  "content": "dddd",
  "upper": 0,
  "regist_date": {
    "$date": {
      "$numberLong": "1665080527642"
    }
  },
  "update_date": {
    "$date": {
      "$numberLong": "1665080527642"
    }
  },
  "validation": true,
  "_class": "com.gdcd.back.domain.comment.Comment"
},{
  "_id": 22,
  "writer": {
    "_id": 2,
    "nickname": "골프치는라이언",
    "profile": "https://j7b301.p.ssafy.io/api/user/profile?from=/app/data/profiles/2.png",
    "validation": true
  },
  "post_id": 15,
  "content": "ddd",
  "upper": 0,
  "regist_date": {
    "$date": {
      "$numberLong": "1665080529386"
    }
  },
  "update_date": {
    "$date": {
      "$numberLong": "1665080529386"
    }
  },
  "validation": true,
  "_class": "com.gdcd.back.domain.comment.Comment"
},{
  "_id": 23,
  "writer": {
    "_id": 2,
    "nickname": "골프치는라이언",
    "profile": "https://j7b301.p.ssafy.io/api/user/profile?from=/app/data/profiles/2.png",
    "validation": true
  },
  "post_id": 15,
  "content": "ddd",
  "upper": 0,
  "regist_date": {
    "$date": {
      "$numberLong": "1665080535870"
    }
  },
  "update_date": {
    "$date": {
      "$numberLong": "1665080535870"
    }
  },
  "validation": false,
  "_class": "com.gdcd.back.domain.comment.Comment"
},{
  "_id": 24,
  "writer": {
    "_id": 2,
    "nickname": "골프치는라이언",
    "profile": "https://j7b301.p.ssafy.io/api/user/profile?from=/app/data/profiles/2.png",
    "validation": true
  },
  "post_id": 6,
  "content": "오",
  "upper": 0,
  "regist_date": {
    "$date": {
      "$numberLong": "1665092449315"
    }
  },
  "update_date": {
    "$date": {
      "$numberLong": "1665092449315"
    }
  },
  "validation": true,
  "_class": "com.gdcd.back.domain.comment.Comment"
},{
  "_id": 25,
  "writer": {
    "_id": 2,
    "nickname": "골프치는라이언",
    "profile": "https://j7b301.p.ssafy.io/api/user/profile?from=/app/data/profiles/2.png",
    "validation": true
  },
  "post_id": 20,
  "content": "ㅋㅋㅋㅋㅋㅋㅋㅋㅋㅋ",
  "upper": 0,
  "regist_date": {
    "$date": {
      "$numberLong": "1665093540749"
    }
  },
  "update_date": {
    "$date": {
      "$numberLong": "1665093540749"
    }
  },
  "validation": true,
  "_class": "com.gdcd.back.domain.comment.Comment"
},{
  "_id": 26,
  "writer": {
    "_id": 1,
    "nickname": "승효",
    "profile": "https://j7b301.p.ssafy.io/api/user/profile?from=/app/data/profiles/default.jpeg",
    "validation": true
  },
  "post_id": 17,
  "content": "왕 대박 완전 잘 됐다!!!",
  "upper": 0,
  "regist_date": {
    "$date": {
      "$numberLong": "1665093844456"
    }
  },
  "update_date": {
    "$date": {
      "$numberLong": "1665093844456"
    }
  },
  "validation": true,
  "_class": "com.gdcd.back.domain.comment.Comment"
},{
  "_id": 27,
  "writer": {
    "_id": 4,
    "nickname": "민초조아",
    "profile": "https://j7b301.p.ssafy.io/api/user/profile?from=/app/data/profiles/4.jpeg",
    "validation": true
  },
  "post_id": 18,
  "content": "전 아닙니다",
  "upper": 0,
  "regist_date": {
    "$date": {
      "$numberLong": "1665094034094"
    }
  },
  "update_date": {
    "$date": {
      "$numberLong": "1665094034094"
    }
  },
  "validation": true,
  "_class": "com.gdcd.back.domain.comment.Comment"
},{
  "_id": 28,
  "writer": {
    "_id": 2,
    "nickname": "골프치는라이언",
    "profile": "https://j7b301.p.ssafy.io/api/user/profile?from=/app/data/profiles/2.png",
    "validation": true
  },
  "post_id": 22,
  "content": "주변에 불필요한 것이 사라졌어요",
  "upper": 0,
  "regist_date": {
    "$date": {
      "$numberLong": "1665096353351"
    }
  },
  "update_date": {
    "$date": {
      "$numberLong": "1665096353351"
    }
  },
  "validation": true,
  "_class": "com.gdcd.back.domain.comment.Comment"
}]