[{
  "_id": 10,
  "follower": {
    "_id": 2,
    "nickname": "골프치는라이언",
    "profile": "https://j7b301.p.ssafy.io/api/user/profile?from=/app/data/profiles/2.png",
    "validation": true
  },
  "following": {
    "_id": 1,
    "nickname": "승효",
    "profile": "https://j7b301.p.ssafy.io/api/user/profile?from=/app/data/profiles/default.jpeg",
    "validation": true
  },
  "_class": "com.gdcd.back.domain.user.follow.Follow"
},{
  "_id": 12,
  "follower": {
    "_id": 1,
    "nickname": "승효",
    "profile": "https://j7b301.p.ssafy.io/api/user/profile?from=/app/data/profiles/default.jpeg",
    "validation": true
  },
  "following": {
    "_id": 2,
    "nickname": "골프치는라이언",
    "profile": "https://j7b301.p.ssafy.io/api/user/profile?from=/app/data/profiles/2.png",
    "validation": true
  },
  "_class": "com.gdcd.back.domain.user.follow.Follow"
},{
  "_id": 13,
  "follower": {
    "_id": 4,
    "nickname": "민초조아",
    "profile": "https://j7b301.p.ssafy.io/api/user/profile?from=/app/data/profiles/4.jpeg",
    "validation": true
  },
  "following": {
    "_id": 2,
    "nickname": "골프치는라이언",
    "profile": "https://j7b301.p.ssafy.io/api/user/profile?from=/app/data/profiles/2.png",
    "validation": true
  },
  "_class": "com.gdcd.back.domain.user.follow.Follow"
}]