[{
  "_id": 1,
  "user_id": 4,
  "img_url": "https://j7b301.p.ssafy.io/api/image?imageId=1",
  "file_path": "4/before/1.jpeg",
  "aesthetic": 3,
  "quality": 3,
  "regist_date": {
    "$date": {
      "$numberLong": "1665042137375"
    }
  },
  "objects": [],
  "before_image": true,
  "_class": "com.gdcd.back.domain.image.Image"
},{
  "_id": 2,
  "user_id": 2,
  "img_url": "https://j7b301.p.ssafy.io/api/image?imageId=2",
  "file_path": "2/before/1.jpeg",
  "aesthetic": 4,
  "quality": 6,
  "regist_date": {
    "$date": {
      "$numberLong": "1665042173173"
    }
  },
  "objects": [
    "potted plant",
    "handbag",
    "person",
    "chair"
  ],
  "before_image": true,
  "_class": "com.gdcd.back.domain.image.Image"
},{
  "_id": 4,
  "user_id": 2,
  "img_url": "https://j7b301.p.ssafy.io/api/image?imageId=4",
  "file_path": "2/after/1.jpeg",
  "aesthetic": 4,
  "quality": 3,
  "regist_date": {
    "$date": {
      "$numberLong": "1665042342198"
    }
  },
  "objects": [],
  "before_image": false,
  "_class": "com.gdcd.back.domain.image.Image"
},{
  "_id": 5,
  "user_id": 2,
  "img_url": "https://j7b301.p.ssafy.io/api/image?imageId=5",
  "file_path": "2/before/3.jpeg",
  "aesthetic": 4,
  "quality": 6,
  "regist_date": {
    "$date": {
      "$numberLong": "1665043197192"
    }
  },
  "objects": [
    "potted plant",
    "handbag",
    "person",
    "chair"
  ],
  "before_image": true,
  "_class": "com.gdcd.back.domain.image.Image"
},{
  "_id": 7,
  "user_id": 2,
  "img_url": "https://j7b301.p.ssafy.io/api/image?imageId=7",
  "file_path": "2/after/3.jpeg",
  "aesthetic": 2,
  "quality": 4,
  "regist_date": {
    "$date": {
      "$numberLong": "1665043316878"
    }
  },
  "objects": [
    "person"
  ],
  "before_image": false,
  "_class": "com.gdcd.back.domain.image.Image"
},{
  "_id": 8,
  "user_id": 2,
  "img_url": "https://j7b301.p.ssafy.io/api/image?imageId=8",
  "file_path": "2/before/5.jpeg",
  "aesthetic": 4,
  "quality": 6,
  "regist_date": {
    "$date": {
      "$numberLong": "1665044723341"
    }
  },
  "objects": [
    "potted plant",
    "handbag",
    "person",
    "chair"
  ],
  "before_image": true,
  "_class": "com.gdcd.back.domain.image.Image"
},{
  "_id": 9,
  "user_id": 1,
  "img_url": "https://j7b301.p.ssafy.io/api/image?imageId=9",
  "file_path": "1/before/1.jpeg",
  "aesthetic": 8,
  "quality": 8,
  "regist_date": {
    "$date": {
      "$numberLong": "1665045550364"
    }
  },
  "objects": [
    "tie",
    "bench",
    "baseball bat",
    "person"
  ],
  "before_image": true,
  "_class": "com.gdcd.back.domain.image.Image"
},{
  "_id": 11,
  "user_id": 1,
  "img_url": "https://j7b301.p.ssafy.io/api/image?imageId=11",
  "file_path": "1/after/1.jpeg",
  "aesthetic": 8,
  "quality": 7,
  "regist_date": {
    "$date": {
      "$numberLong": "1665045759109"
    }
  },
  "objects": [
    "tie",
    "bench",
    "baseball bat",
    "person"
  ],
  "before_image": false,
  "_class": "com.gdcd.back.domain.image.Image"
},{
  "_id": 12,
  "user_id": 1,
  "img_url": "https://j7b301.p.ssafy.io/api/image?imageId=12",
  "file_path": "1/before/3.jpeg",
  "aesthetic": 8,
  "quality": 8,
  "regist_date": {
    "$date": {
      "$numberLong": "1665045834715"
    }
  },
  "objects": [
    "tie",
    "bench",
    "baseball bat",
    "person"
  ],
  "before_image": true,
  "_class": "com.gdcd.back.domain.image.Image"
},{
  "_id": 13,
  "user_id": 3,
  "img_url": "https://j7b301.p.ssafy.io/api/image?imageId=13",
  "file_path": "3/before/1.jpeg",
  "aesthetic": 7,
  "quality": 8,
  "regist_date": {
    "$date": {
      "$numberLong": "1665046489252"
    }
  },
  "objects": [],
  "before_image": true,
  "_class": "com.gdcd.back.domain.image.Image"
},{
  "_id": 14,
  "user_id": 1,
  "img_url": "https://j7b301.p.ssafy.io/api/image?imageId=14",
  "file_path": "1/after/3.jpeg",
  "aesthetic": 7,
  "quality": 7,
  "regist_date": {
    "$date": {
      "$numberLong": "1665046550859"
    }
  },
  "objects": [
    "tie",
    "bench",
    "baseball bat",
    "person"
  ],
  "before_image": false,
  "_class": "com.gdcd.back.domain.image.Image"
},{
  "_id": 15,
  "user_id": 3,
  "img_url": "https://j7b301.p.ssafy.io/api/image?imageId=15",
  "file_path": "3/before/2.jpeg",
  "aesthetic": 7,
  "quality": 7,
  "regist_date": {
    "$date": {
      "$numberLong": "1665046554689"
    }
  },
  "objects": [
    "tv",
    "handbag",
    "person",
    "chair",
    "laptop"
  ],
  "before_image": true,
  "_class": "com.gdcd.back.domain.image.Image"
},{
  "_id": 16,
  "user_id": 3,
  "img_url": "https://j7b301.p.ssafy.io/api/image?imageId=16",
  "file_path": "3/after/2.jpeg",
  "aesthetic": 6,
  "quality": 6,
  "regist_date": {
    "$date": {
      "$numberLong": "1665046578521"
    }
  },
  "objects": [
    "tv",
    "handbag",
    "person",
    "chair",
    "laptop"
  ],
  "before_image": false,
  "_class": "com.gdcd.back.domain.image.Image"
},{
  "_id": 17,
  "user_id": 5,
  "img_url": "https://j7b301.p.ssafy.io/api/image?imageId=17",
  "file_path": "5/before/1.jpeg",
  "aesthetic": 8,
  "quality": 7,
  "regist_date": {
    "$date": {
      "$numberLong": "1665047869282"
    }
  },
  "objects": [
    "bench",
    "baseball bat",
    "person"
  ],
  "before_image": true,
  "_class": "com.gdcd.back.domain.image.Image"
},{
  "_id": 18,
  "user_id": 5,
  "img_url": "https://j7b301.p.ssafy.io/api/image?imageId=18",
  "file_path": "5/after/1.jpeg",
  "aesthetic": 7,
  "quality": 7,
  "regist_date": {
    "$date": {
      "$numberLong": "1665047921543"
    }
  },
  "objects": [
    "bench",
    "baseball bat",
    "person"
  ],
  "before_image": false,
  "_class": "com.gdcd.back.domain.image.Image"
},{
  "_id": 19,
  "user_id": 2,
  "img_url": "https://j7b301.p.ssafy.io/api/image?imageId=19",
  "file_path": "2/before/6.jpeg",
  "aesthetic": 1,
  "quality": 1,
  "regist_date": {
    "$date": {
      "$numberLong": "1665065420597"
    }
  },
  "objects": [
    "bear"
  ],
  "before_image": true,
  "_class": "com.gdcd.back.domain.image.Image"
},{
  "_id": 20,
  "user_id": 2,
  "img_url": "https://j7b301.p.ssafy.io/api/image?imageId=20",
  "file_path": "2/after/6.jpeg",
  "aesthetic": 2,
  "quality": 7,
  "regist_date": {
    "$date": {
      "$numberLong": "1665065429763"
    }
  },
  "objects": [],
  "before_image": false,
  "_class": "com.gdcd.back.domain.image.Image"
},{
  "_id": 21,
  "user_id": 6,
  "img_url": "https://j7b301.p.ssafy.io/api/image?imageId=21",
  "file_path": "6/before/1.jpeg",
  "aesthetic": 9,
  "quality": 7,
  "regist_date": {
    "$date": {
      "$numberLong": "1665068976925"
    }
  },
  "objects": [],
  "before_image": true,
  "_class": "com.gdcd.back.domain.image.Image"
},{
  "_id": 22,
  "user_id": 6,
  "img_url": "https://j7b301.p.ssafy.io/api/image?imageId=22",
  "file_path": "6/before/2.jpeg",
  "aesthetic": 9,
  "quality": 8,
  "regist_date": {
    "$date": {
      "$numberLong": "1665069063634"
    }
  },
  "objects": [],
  "before_image": true,
  "_class": "com.gdcd.back.domain.image.Image"
},{
  "_id": 23,
  "user_id": 2,
  "img_url": "https://j7b301.p.ssafy.io/api/image?imageId=23",
  "file_path": "2/before/8.jpeg",
  "aesthetic": 5,
  "quality": 4,
  "regist_date": {
    "$date": {
      "$numberLong": "1665077428066"
    }
  },
  "objects": [
    "bench",
    "person"
  ],
  "before_image": true,
  "_class": "com.gdcd.back.domain.image.Image"
},{
  "_id": 24,
  "user_id": 5,
  "img_url": "https://j7b301.p.ssafy.io/api/image?imageId=24",
  "file_path": "5/before/3.jpeg",
  "aesthetic": 8,
  "quality": 6,
  "regist_date": {
    "$date": {
      "$numberLong": "1665081235356"
    }
  },
  "objects": [
    "car",
    "person"
  ],
  "before_image": true,
  "_class": "com.gdcd.back.domain.image.Image"
},{
  "_id": 25,
  "user_id": 5,
  "img_url": "https://j7b301.p.ssafy.io/api/image?imageId=25",
  "file_path": "5/after/3.jpeg",
  "aesthetic": 7,
  "quality": 7,
  "regist_date": {
    "$date": {
      "$numberLong": "1665081260239"
    }
  },
  "objects": [
    "car",
    "person"
  ],
  "before_image": false,
  "_class": "com.gdcd.back.domain.image.Image"
},{
  "_id": 26,
  "user_id": 5,
  "img_url": "https://j7b301.p.ssafy.io/api/image?imageId=26",
  "file_path": "5/before/5.jpeg",
  "aesthetic": 8,
  "quality": 3,
  "regist_date": {
    "$date": {
      "$numberLong": "1665081378991"
    }
  },
  "objects": [],
  "before_image": true,
  "_class": "com.gdcd.back.domain.image.Image"
},{
  "_id": 27,
  "user_id": 5,
  "img_url": "https://j7b301.p.ssafy.io/api/image?imageId=27",
  "file_path": "5/before/6.jpeg",
  "aesthetic": 8,
  "quality": 3,
  "regist_date": {
    "$date": {
      "$numberLong": "1665081453864"
    }
  },
  "objects": [],
  "before_image": true,
  "_class": "com.gdcd.back.domain.image.Image"
},{
  "_id": 28,
  "user_id": 5,
  "img_url": "https://j7b301.p.ssafy.io/api/image?imageId=28",
  "file_path": "5/before/7.jpeg",
  "aesthetic": 3,
  "quality": 5,
  "regist_date": {
    "$date": {
      "$numberLong": "1665081492666"
    }
  },
  "objects": [
    "person"
  ],
  "before_image": true,
  "_class": "com.gdcd.back.domain.image.Image"
},{
  "_id": 29,
  "user_id": 5,
  "img_url": "https://j7b301.p.ssafy.io/api/image?imageId=29",
  "file_path": "5/after/7.jpeg",
  "aesthetic": 2,
  "quality": 6,
  "regist_date": {
    "$date": {
      "$numberLong": "1665081527529"
    }
  },
  "objects": [
    "person"
  ],
  "before_image": false,
  "_class": "com.gdcd.back.domain.image.Image"
},{
  "_id": 30,
  "user_id": 3,
  "img_url": "https://j7b301.p.ssafy.io/api/image?imageId=30",
  "file_path": "3/before/4.jpeg",
  "aesthetic": 3,
  "quality": 6,
  "regist_date": {
    "$date": {
      "$numberLong": "1665081548637"
    }
  },
  "objects": [],
  "before_image": true,
  "_class": "com.gdcd.back.domain.image.Image"
},{
  "_id": 31,
  "user_id": 3,
  "img_url": "https://j7b301.p.ssafy.io/api/image?imageId=31",
  "file_path": "3/after/4.jpeg",
  "aesthetic": 3,
  "quality": 5,
  "regist_date": {
    "$date": {
      "$numberLong": "1665081648604"
    }
  },
  "objects": [],
  "before_image": false,
  "_class": "com.gdcd.back.domain.image.Image"
},{
  "_id": 32,
  "user_id": 3,
  "img_url": "https://j7b301.p.ssafy.io/api/image?imageId=32",
  "file_path": "3/before/6.jpeg",
  "aesthetic": 1,
  "quality": 3,
  "regist_date": {
    "$date": {
      "$numberLong": "1665081678158"
    }
  },
  "objects": [],
  "before_image": true,
  "_class": "com.gdcd.back.domain.image.Image"
},{
  "_id": 33,
  "user_id": 3,
  "img_url": "https://j7b301.p.ssafy.io/api/image?imageId=33",
  "file_path": "3/before/7.jpeg",
  "aesthetic": 1,
  "quality": 1,
  "regist_date": {
    "$date": {
      "$numberLong": "1665082299102"
    }
  },
  "objects": [
    "bear"
  ],
  "before_image": true,
  "_class": "com.gdcd.back.domain.image.Image"
},{
  "_id": 34,
  "user_id": 3,
  "img_url": "https://j7b301.p.ssafy.io/api/image?imageId=34",
  "file_path": "3/after/7.jpeg",
  "aesthetic": 2,
  "quality": 7,
  "regist_date": {
    "$date": {
      "$numberLong": "1665082307191"
    }
  },
  "objects": [],
  "before_image": false,
  "_class": "com.gdcd.back.domain.image.Image"
},{
  "_id": 35,
  "user_id": 3,
  "img_url": "https://j7b301.p.ssafy.io/api/image?imageId=35",
  "file_path": "3/before/9.jpeg",
  "aesthetic": 4,
  "quality": 5,
  "regist_date": {
    "$date": {
      "$numberLong": "1665082849756"
    }
  },
  "objects": [
    "chair",
    "person",
    "bottle",
    "cup"
  ],
  "before_image": true,
  "_class": "com.gdcd.back.domain.image.Image"
},{
  "_id": 36,
  "user_id": 3,
  "img_url": "https://j7b301.p.ssafy.io/api/image?imageId=36",
  "file_path": "3/after/9.jpeg",
  "aesthetic": 5,
  "quality": 5,
  "regist_date": {
    "$date": {
      "$numberLong": "1665082862959"
    }
  },
  "objects": [
    "chair",
    "person",
    "donut",
    "toothbrush",
    "cup"
  ],
  "before_image": false,
  "_class": "com.gdcd.back.domain.image.Image"
},{
  "_id": 37,
  "user_id": 3,
  "img_url": "https://j7b301.p.ssafy.io/api/image?imageId=37",
  "file_path": "3/before/11.jpeg",
  "aesthetic": 4,
  "quality": 3,
  "regist_date": {
    "$date": {
      "$numberLong": "1665082900341"
    }
  },
  "objects": [],
  "before_image": true,
  "_class": "com.gdcd.back.domain.image.Image"
},{
  "_id": 38,
  "user_id": 3,
  "img_url": "https://j7b301.p.ssafy.io/api/image?imageId=38",
  "file_path": "3/before/12.jpeg",
  "aesthetic": 2,
  "quality": 6,
  "regist_date": {
    "$date": {
      "$numberLong": "1665084292523"
    }
  },
  "objects": [],
  "before_image": true,
  "_class": "com.gdcd.back.domain.image.Image"
},{
  "_id": 39,
  "user_id": 3,
  "img_url": "https://j7b301.p.ssafy.io/api/image?imageId=39",
  "file_path": "3/before/13.jpeg",
  "aesthetic": 4,
  "quality": 4,
  "regist_date": {
    "$date": {
      "$numberLong": "1665085320975"
    }
  },
  "objects": [],
  "before_image": true,
  "_class": "com.gdcd.back.domain.image.Image"
},{
  "_id": 40,
  "user_id": 3,
  "img_url": "https://j7b301.p.ssafy.io/api/image?imageId=40",
  "file_path": "3/before/14.jpeg",
  "aesthetic": 2,
  "quality": 4,
  "regist_date": {
    "$date": {
      "$numberLong": "1665085390864"
    }
  },
  "objects": [],
  "before_image": true,
  "_class": "com.gdcd.back.domain.image.Image"
},{
  "_id": 41,
  "user_id": 3,
  "img_url": "https://j7b301.p.ssafy.io/api/image?imageId=41",
  "file_path": "3/before/15.jpeg",
  "aesthetic": 2,
  "quality": 4,
  "regist_date": {
    "$date": {
      "$numberLong": "1665085503205"
    }
  },
  "objects": [],
  "before_image": true,
  "_class": "com.gdcd.back.domain.image.Image"
},{
  "_id": 42,
  "user_id": 3,
  "img_url": "https://j7b301.p.ssafy.io/api/image?imageId=42",
  "file_path": "3/before/16.jpeg",
  "aesthetic": 1,
  "quality": 1,
  "regist_date": {
    "$date": {
      "$numberLong": "1665085618257"
    }
  },
  "objects": [],
  "before_image": true,
  "_class": "com.gdcd.back.domain.image.Image"
},{
  "_id": 43,
  "user_id": 3,
  "img_url": "https://j7b301.p.ssafy.io/api/image?imageId=43",
  "file_path": "3/before/17.png",
  "aesthetic": 1,
  "quality": 1,
  "regist_date": {
    "$date": {
      "$numberLong": "1665085896871"
    }
  },
  "objects": [],
  "before_image": true,
  "_class": "com.gdcd.back.domain.image.Image"
},{
  "_id": 45,
  "user_id": 3,
  "img_url": "https://j7b301.p.ssafy.io/api/image?imageId=45",
  "file_path": "3/after/17.png",
  "aesthetic": 1,
  "quality": 7,
  "regist_date": {
    "$date": {
      "$numberLong": "1665085960567"
    }
  },
  "objects": [],
  "before_image": false,
  "_class": "com.gdcd.back.domain.image.Image"
},{
  "_id": 46,
  "user_id": 3,
  "img_url": "https://j7b301.p.ssafy.io/api/image?imageId=46",
  "file_path": "3/before/19.png",
  "aesthetic": 1,
  "quality": 1,
  "regist_date": {
    "$date": {
      "$numberLong": "1665086019917"
    }
  },
  "objects": [
    "bear"
  ],
  "before_image": true,
  "_class": "com.gdcd.back.domain.image.Image"
},{
  "_id": 47,
  "user_id": 3,
  "img_url": "https://j7b301.p.ssafy.io/api/image?imageId=47",
  "file_path": "3/before/20.jpeg",
  "aesthetic": 2,
  "quality": 4,
  "regist_date": {
    "$date": {
      "$numberLong": "1665086188742"
    }
  },
  "objects": [],
  "before_image": true,
  "_class": "com.gdcd.back.domain.image.Image"
},{
  "_id": 48,
  "user_id": 3,
  "img_url": "https://j7b301.p.ssafy.io/api/image?imageId=48",
  "file_path": "3/before/21.jpeg",
  "aesthetic": 2,
  "quality": 4,
  "regist_date": {
    "$date": {
      "$numberLong": "1665086202270"
    }
  },
  "objects": [
    "person",
    "traffic light"
  ],
  "before_image": true,
  "_class": "com.gdcd.back.domain.image.Image"
},{
  "_id": 49,
  "user_id": 3,
  "img_url": "https://j7b301.p.ssafy.io/api/image?imageId=49",
  "file_path": "3/before/22.jpeg",
  "aesthetic": 2,
  "quality": 4,
  "regist_date": {
    "$date": {
      "$numberLong": "1665086590124"
    }
  },
  "objects": [],
  "before_image": true,
  "_class": "com.gdcd.back.domain.image.Image"
},{
  "_id": 50,
  "user_id": 3,
  "img_url": "https://j7b301.p.ssafy.io/api/image?imageId=50",
  "file_path": "3/before/23.jpeg",
  "aesthetic": 2,
  "quality": 4,
  "regist_date": {
    "$date": {
      "$numberLong": "1665086755514"
    }
  },
  "objects": [],
  "before_image": true,
  "_class": "com.gdcd.back.domain.image.Image"
},{
  "_id": 51,
  "user_id": 2,
  "img_url": "https://j7b301.p.ssafy.io/api/image?imageId=51",
  "file_path": "2/before/9.jpeg",
  "aesthetic": 5,
  "quality": 4,
  "regist_date": {
    "$date": {
      "$numberLong": "1665086990367"
    }
  },
  "objects": [],
  "before_image": true,
  "_class": "com.gdcd.back.domain.image.Image"
},{
  "_id": 52,
  "user_id": 3,
  "img_url": "https://j7b301.p.ssafy.io/api/image?imageId=52",
  "file_path": "3/before/24.jpeg",
  "aesthetic": 3,
  "quality": 5,
  "regist_date": {
    "$date": {
      "$numberLong": "1665087086777"
    }
  },
  "objects": [
    "bench"
  ],
  "before_image": true,
  "_class": "com.gdcd.back.domain.image.Image"
},{
  "_id": 53,
  "user_id": 2,
  "img_url": "https://j7b301.p.ssafy.io/api/image?imageId=53",
  "file_path": "2/before/10.jpeg",
  "aesthetic": 5,
  "quality": 4,
  "regist_date": {
    "$date": {
      "$numberLong": "1665088439306"
    }
  },
  "objects": [
    "bench",
    "person"
  ],
  "before_image": true,
  "_class": "com.gdcd.back.domain.image.Image"
},{
  "_id": 54,
  "user_id": 2,
  "img_url": "https://j7b301.p.ssafy.io/api/image?imageId=54",
  "file_path": "2/before/11.jpeg",
  "aesthetic": 4,
  "quality": 6,
  "regist_date": {
    "$date": {
      "$numberLong": "1665089744023"
    }
  },
  "objects": [
    "potted plant",
    "handbag",
    "person",
    "chair"
  ],
  "before_image": true,
  "_class": "com.gdcd.back.domain.image.Image"
},{
  "_id": 56,
  "user_id": 2,
  "img_url": "https://j7b301.p.ssafy.io/api/image?imageId=56",
  "file_path": "2/after/11.jpeg",
  "aesthetic": 6,
  "quality": 4,
  "regist_date": {
    "$date": {
      "$numberLong": "1665089867939"
    }
  },
  "objects": [
    "person"
  ],
  "before_image": false,
  "_class": "com.gdcd.back.domain.image.Image"
},{
  "_id": 57,
  "user_id": 2,
  "img_url": "https://j7b301.p.ssafy.io/api/image?imageId=57",
  "file_path": "2/before/13.jpeg",
  "aesthetic": 4,
  "quality": 6,
  "regist_date": {
    "$date": {
      "$numberLong": "1665089966501"
    }
  },
  "objects": [
    "potted plant",
    "handbag",
    "person",
    "chair"
  ],
  "before_image": true,
  "_class": "com.gdcd.back.domain.image.Image"
},{
  "_id": 59,
  "user_id": 2,
  "img_url": "https://j7b301.p.ssafy.io/api/image?imageId=59",
  "file_path": "2/after/13.jpeg",
  "aesthetic": 2,
  "quality": 4,
  "regist_date": {
    "$date": {
      "$numberLong": "1665090078971"
    }
  },
  "objects": [
    "person"
  ],
  "before_image": false,
  "_class": "com.gdcd.back.domain.image.Image"
},{
  "_id": 60,
  "user_id": 1,
  "img_url": "https://j7b301.p.ssafy.io/api/image?imageId=60",
  "file_path": "1/before/5.jpeg",
  "aesthetic": 4,
  "quality": 6,
  "regist_date": {
    "$date": {
      "$numberLong": "1665092533466"
    }
  },
  "objects": [
    "tie",
    "person"
  ],
  "before_image": true,
  "_class": "com.gdcd.back.domain.image.Image"
},{
  "_id": 61,
  "user_id": 4,
  "img_url": "https://j7b301.p.ssafy.io/api/image?imageId=61",
  "file_path": "4/before/2.jpeg",
  "aesthetic": 7,
  "quality": 7,
  "regist_date": {
    "$date": {
      "$numberLong": "1665092566085"
    }
  },
  "objects": [
    "person"
  ],
  "before_image": true,
  "_class": "com.gdcd.back.domain.image.Image"
},{
  "_id": 62,
  "user_id": 2,
  "img_url": "https://j7b301.p.ssafy.io/api/image?imageId=62",
  "file_path": "2/before/15.jpeg",
  "aesthetic": 8,
  "quality": 4,
  "regist_date": {
    "$date": {
      "$numberLong": "1665092691795"
    }
  },
  "objects": [
    "person",
    "clock"
  ],
  "before_image": true,
  "_class": "com.gdcd.back.domain.image.Image"
},{
  "_id": 63,
  "user_id": 2,
  "img_url": "https://j7b301.p.ssafy.io/api/image?imageId=63",
  "file_path": "2/after/15.jpeg",
  "aesthetic": 7,
  "quality": 5,
  "regist_date": {
    "$date": {
      "$numberLong": "1665092705957"
    }
  },
  "objects": [],
  "before_image": false,
  "_class": "com.gdcd.back.domain.image.Image"
},{
  "_id": 64,
  "user_id": 4,
  "img_url": "https://j7b301.p.ssafy.io/api/image?imageId=64",
  "file_path": "4/before/3.jpeg",
  "aesthetic": 7,
  "quality": 1,
  "regist_date": {
    "$date": {
      "$numberLong": "1665092709693"
    }
  },
  "objects": [
    "car",
    "person"
  ],
  "before_image": true,
  "_class": "com.gdcd.back.domain.image.Image"
},{
  "_id": 65,
  "user_id": 4,
  "img_url": "https://j7b301.p.ssafy.io/api/image?imageId=65",
  "file_path": "4/after/3.jpeg",
  "aesthetic": 7,
  "quality": 2,
  "regist_date": {
    "$date": {
      "$numberLong": "1665092726030"
    }
  },
  "objects": [
    "person"
  ],
  "before_image": false,
  "_class": "com.gdcd.back.domain.image.Image"
},{
  "_id": 66,
  "user_id": 2,
  "img_url": "https://j7b301.p.ssafy.io/api/image?imageId=66",
  "file_path": "2/before/17.jpeg",
  "aesthetic": 5,
  "quality": 6,
  "regist_date": {
    "$date": {
      "$numberLong": "1665092850044"
    }
  },
  "objects": [
    "person",
    "dining table",
    "spoon",
    "sandwich",
    "bowl",
    "hot dog"
  ],
  "before_image": true,
  "_class": "com.gdcd.back.domain.image.Image"
},{
  "_id": 67,
  "user_id": 2,
  "img_url": "https://j7b301.p.ssafy.io/api/image?imageId=67",
  "file_path": "2/after/17.jpeg",
  "aesthetic": 8,
  "quality": 8,
  "regist_date": {
    "$date": {
      "$numberLong": "1665092890499"
    }
  },
  "objects": [],
  "before_image": false,
  "_class": "com.gdcd.back.domain.image.Image"
},{
  "_id": 68,
  "user_id": 2,
  "img_url": "https://j7b301.p.ssafy.io/api/image?imageId=68",
  "file_path": "2/before/19.jpeg",
  "aesthetic": 5,
  "quality": 6,
  "regist_date": {
    "$date": {
      "$numberLong": "1665092940266"
    }
  },
  "objects": [
    "person",
    "dining table",
    "spoon",
    "sandwich",
    "bowl",
    "hot dog"
  ],
  "before_image": true,
  "_class": "com.gdcd.back.domain.image.Image"
},{
  "_id": 70,
  "user_id": 2,
  "img_url": "https://j7b301.p.ssafy.io/api/image?imageId=70",
  "file_path": "2/after/19.jpeg",
  "aesthetic": 4,
  "quality": 6,
  "regist_date": {
    "$date": {
      "$numberLong": "1665093002428"
    }
  },
  "objects": [
    "person",
    "dining table",
    "spoon",
    "bowl"
  ],
  "before_image": false,
  "_class": "com.gdcd.back.domain.image.Image"
},{
  "_id": 71,
  "user_id": 2,
  "img_url": "https://j7b301.p.ssafy.io/api/image?imageId=71",
  "file_path": "2/before/21.jpeg",
  "aesthetic": 5,
  "quality": 6,
  "regist_date": {
    "$date": {
      "$numberLong": "1665093041936"
    }
  },
  "objects": [
    "person",
    "dining table",
    "spoon",
    "sandwich",
    "bowl",
    "hot dog"
  ],
  "before_image": true,
  "_class": "com.gdcd.back.domain.image.Image"
},{
  "_id": 72,
  "user_id": 2,
  "img_url": "https://j7b301.p.ssafy.io/api/image?imageId=72",
  "file_path": "2/after/21.jpeg",
  "aesthetic": 3,
  "quality": 7,
  "regist_date": {
    "$date": {
      "$numberLong": "1665093066952"
    }
  },
  "objects": [
    "person",
    "dining table",
    "spoon",
    "bowl",
    "hot dog"
  ],
  "before_image": false,
  "_class": "com.gdcd.back.domain.image.Image"
},{
  "_id": 73,
  "user_id": 2,
  "img_url": "https://j7b301.p.ssafy.io/api/image?imageId=73",
  "file_path": "2/before/23.jpeg",
  "aesthetic": 7,
  "quality": 8,
  "regist_date": {
    "$date": {
      "$numberLong": "1665093269206"
    }
  },
  "objects": [
    "person"
  ],
  "before_image": true,
  "_class": "com.gdcd.back.domain.image.Image"
},{
  "_id": 74,
  "user_id": 2,
  "img_url": "https://j7b301.p.ssafy.io/api/image?imageId=74",
  "file_path": "2/after/23.jpeg",
  "aesthetic": 7,
  "quality": 7,
  "regist_date": {
    "$date": {
      "$numberLong": "1665093286737"
    }
  },
  "objects": [
    "person",
    "teddy bear"
  ],
  "before_image": false,
  "_class": "com.gdcd.back.domain.image.Image"
},{
  "_id": 75,
  "user_id": 1,
  "img_url": "https://j7b301.p.ssafy.io/api/image?imageId=75",
  "file_path": "1/before/6.jpeg",
  "aesthetic": 9,
  "quality": 8,
  "regist_date": {
    "$date": {
      "$numberLong": "1665093602941"
    }
  },
  "objects": [
    "potted plant",
    "person",
    "book",
    "teddy bear",
    "remote"
  ],
  "before_image": true,
  "_class": "com.gdcd.back.domain.image.Image"
},{
  "_id": 77,
  "user_id": 1,
  "img_url": "https://j7b301.p.ssafy.io/api/image?imageId=77",
  "file_path": "1/after/6.jpeg",
  "aesthetic": 9,
  "quality": 8,
  "regist_date": {
    "$date": {
      "$numberLong": "1665093781475"
    }
  },
  "objects": [
    "person",
    "teddy bear"
  ],
  "before_image": false,
  "_class": "com.gdcd.back.domain.image.Image"
},{
  "_id": 78,
  "user_id": 1,
  "img_url": "https://j7b301.p.ssafy.io/api/image?imageId=78",
  "file_path": "1/before/8.jpeg",
  "aesthetic": 9,
  "quality": 6,
  "regist_date": {
    "$date": {
      "$numberLong": "1665094421329"
    }
  },
  "objects": [
    "car",
    "person",
    "backpack"
  ],
  "before_image": true,
  "_class": "com.gdcd.back.domain.image.Image"
},{
  "_id": 80,
  "user_id": 1,
  "img_url": "https://j7b301.p.ssafy.io/api/image?imageId=80",
  "file_path": "1/after/8.jpeg",
  "aesthetic": 8,
  "quality": 6,
  "regist_date": {
    "$date": {
      "$numberLong": "1665094821167"
    }
  },
  "objects": [],
  "before_image": false,
  "_class": "com.gdcd.back.domain.image.Image"
},{
  "_id": 81,
  "user_id": 1,
  "img_url": "https://j7b301.p.ssafy.io/api/image?imageId=81",
  "file_path": "1/before/10.jpeg",
  "aesthetic": 8,
  "quality": 3,
  "regist_date": {
    "$date": {
      "$numberLong": "1665094964589"
    }
  },
  "objects": [
    "wine glass",
    "chair",
    "dining table",
    "bottle",
    "cup"
  ],
  "before_image": true,
  "_class": "com.gdcd.back.domain.image.Image"
},{
  "_id": 82,
  "user_id": 1,
  "img_url": "https://j7b301.p.ssafy.io/api/image?imageId=82",
  "file_path": "1/after/10.jpeg",
  "aesthetic": 7,
  "quality": 4,
  "regist_date": {
    "$date": {
      "$numberLong": "1665095002329"
    }
  },
  "objects": [
    "potted plant",
    "wine glass",
    "dining table"
  ],
  "before_image": false,
  "_class": "com.gdcd.back.domain.image.Image"
},{
  "_id": 83,
  "user_id": 2,
  "img_url": "https://j7b301.p.ssafy.io/api/image?imageId=83",
  "file_path": "2/before/25.jpeg",
  "aesthetic": 4,
  "quality": 6,
  "regist_date": {
    "$date": {
      "$numberLong": "1665095154663"
    }
  },
  "objects": [
    "potted plant",
    "handbag",
    "person",
    "chair"
  ],
  "before_image": true,
  "_class": "com.gdcd.back.domain.image.Image"
},{
  "_id": 85,
  "user_id": 2,
  "img_url": "https://j7b301.p.ssafy.io/api/image?imageId=85",
  "file_path": "2/after/25.jpeg",
  "aesthetic": 3,
  "quality": 5,
  "regist_date": {
    "$date": {
      "$numberLong": "1665095280177"
    }
  },
  "objects": [
    "potted plant",
    "person"
  ],
  "before_image": false,
  "_class": "com.gdcd.back.domain.image.Image"
},{
  "_id": 86,
  "user_id": 2,
  "img_url": "https://j7b301.p.ssafy.io/api/image?imageId=86",
  "file_path": "2/before/27.jpeg",
  "aesthetic": 4,
  "quality": 6,
  "regist_date": {
    "$date": {
      "$numberLong": "1665095720643"
    }
  },
  "objects": [
    "potted plant",
    "handbag",
    "person",
    "chair"
  ],
  "before_image": true,
  "_class": "com.gdcd.back.domain.image.Image"
},{
  "_id": 87,
  "user_id": 1,
  "img_url": "https://j7b301.p.ssafy.io/api/image?imageId=87",
  "file_path": "1/before/12.jpeg",
  "aesthetic": 9,
  "quality": 4,
  "regist_date": {
    "$date": {
      "$numberLong": "1665095782152"
    }
  },
  "objects": [
    "car",
    "person",
    "cell phone"
  ],
  "before_image": true,
  "_class": "com.gdcd.back.domain.image.Image"
},{
  "_id": 88,
  "user_id": 2,
  "img_url": "https://j7b301.p.ssafy.io/api/image?imageId=88",
  "file_path": "2/before/28.jpeg",
  "aesthetic": 4,
  "quality": 6,
  "regist_date": {
    "$date": {
      "$numberLong": "1665095797965"
    }
  },
  "objects": [
    "potted plant",
    "handbag",
    "person",
    "chair"
  ],
  "before_image": true,
  "_class": "com.gdcd.back.domain.image.Image"
},{
  "_id": 91,
  "user_id": 2,
  "img_url": "https://j7b301.p.ssafy.io/api/image?imageId=91",
  "file_path": "2/after/28.jpeg",
  "aesthetic": 6,
  "quality": 6,
  "regist_date": {
    "$date": {
      "$numberLong": "1665095926709"
    }
  },
  "objects": [
    "potted plant",
    "person"
  ],
  "before_image": false,
  "_class": "com.gdcd.back.domain.image.Image"
},{
  "_id": 92,
  "user_id": 1,
  "img_url": "https://j7b301.p.ssafy.io/api/image?imageId=92",
  "file_path": "1/after/12.jpeg",
  "aesthetic": 9,
  "quality": 5,
  "regist_date": {
    "$date": {
      "$numberLong": "1665096003347"
    }
  },
  "objects": [
    "car",
    "person",
    "cell phone"
  ],
  "before_image": false,
  "_class": "com.gdcd.back.domain.image.Image"
},{
  "_id": 93,
  "user_id": 3,
  "img_url": "https://j7b301.p.ssafy.io/api/image?imageId=93",
  "file_path": "3/before/25.jpeg",
  "aesthetic": 4,
  "quality": 3,
  "regist_date": {
    "$date": {
      "$numberLong": "1665098252260"
    }
  },
  "objects": [
    "bench",
    "person"
  ],
  "before_image": true,
  "_class": "com.gdcd.back.domain.image.Image"
},{
  "_id": 94,
  "user_id": 3,
  "img_url": "https://j7b301.p.ssafy.io/api/image?imageId=94",
  "file_path": "3/before/26.jpeg",
  "aesthetic": 4,
  "quality": 3,
  "regist_date": {
    "$date": {
      "$numberLong": "1665103050648"
    }
  },
  "objects": [],
  "before_image": true,
  "_class": "com.gdcd.back.domain.image.Image"
},{
  "_id": 95,
  "user_id": 3,
  "img_url": "https://j7b301.p.ssafy.io/api/image?imageId=95",
  "file_path": "3/before/27.jpeg",
  "aesthetic": 3,
  "quality": 7,
  "regist_date": {
    "$date": {
      "$numberLong": "1665103565286"
    }
  },
  "objects": [],
  "before_image": true,
  "_class": "com.gdcd.back.domain.image.Image"
},{
  "_id": 96,
  "user_id": 2,
  "img_url": "https://j7b301.p.ssafy.io/api/image?imageId=96",
  "file_path": "2/before/30.jpeg",
  "aesthetic": 4,
  "quality": 6,
  "regist_date": {
    "$date": {
      "$numberLong": "1665104616938"
    }
  },
  "objects": [],
  "before_image": true,
  "_class": "com.gdcd.back.domain.image.Image"
},{
  "_id": 97,
  "user_id": 3,
  "img_url": "https://j7b301.p.ssafy.io/api/image?imageId=97",
  "file_path": "3/before/28.jpeg",
  "aesthetic": 3,
  "quality": 5,
  "regist_date": {
    "$date": {
      "$numberLong": "1665105339349"
    }
  },
  "objects": [],
  "before_image": true,
  "_class": "com.gdcd.back.domain.image.Image"
}]