[{
  "_id": 2,
  "writer_no": 2,
  "title": "ddd",
  "content": "d",
  "privacy_bound": 1,
  "regist_time": {
    "$date": {
      "$numberLong": "1665042397455"
    }
  },
  "update_time": {
    "$date": {
      "$numberLong": "1665042397455"
    }
  },
  "validation": false,
  "report_count": 0,
  "writer_nickname": "골프치는라이언",
  "writer_profile": "https://j7b301.p.ssafy.io/api/user/profile?from=/app/data/profiles/2.png",
  "like_count": -1,
  "representative": 0,
  "images": [
    {
      "imageId": 2,
      "imageTag": [
        "potted plant",
        "handbag",
        "person",
        "chair"
      ],
      "imageUrl": "https://j7b301.p.ssafy.io/api/image?imageId=2",
      "imageAesthetic": 4,
      "imageQuality": 6
    },
    {
      "imageId": 4,
      "imageTag": [],
      "imageUrl": "https://j7b301.p.ssafy.io/api/image?imageId=4",
      "imageAesthetic": 4,
      "imageQuality": 3
    }
  ],
  "scrap_users": [],
  "like_users": [],
  "_class": "com.gdcd.back.domain.post.Post"
},{
  "_id": 3,
  "writer_no": 2,
  "title": "카페에 놀러가서 사진을 찍었습니다.",
  "content": "다른 이미지를 모두 지울 수 있어서 좋았다.",
  "privacy_bound": 1,
  "regist_time": {
    "$date": {
      "$numberLong": "1665043957677"
    }
  },
  "update_time": {
    "$date": {
      "$numberLong": "1665043957677"
    }
  },
  "validation": false,
  "report_count": 0,
  "writer_nickname": "골프치는라이언",
  "writer_profile": "https://j7b301.p.ssafy.io/api/user/profile?from=/app/data/profiles/2.png",
  "like_count": -1,
  "representative": 0,
  "images": [
    {
      "imageId": 2,
      "imageTag": [
        "potted plant",
        "handbag",
        "person",
        "chair"
      ],
      "imageUrl": "https://j7b301.p.ssafy.io/api/image?imageId=2",
      "imageAesthetic": 4,
      "imageQuality": 6
    },
    {
      "imageId": 4,
      "imageTag": [],
      "imageUrl": "https://j7b301.p.ssafy.io/api/image?imageId=4",
      "imageAesthetic": 4,
      "imageQuality": 3
    }
  ],
  "scrap_users": [],
  "like_users": [],
  "_class": "com.gdcd.back.domain.post.Post"
},{
  "_id": 4,
  "writer_no": 2,
  "title": "ㅇ",
  "content": "ㅇ",
  "privacy_bound": 1,
  "regist_time": {
    "$date": {
      "$numberLong": "1665044710167"
    }
  },
  "update_time": {
    "$date": {
      "$numberLong": "1665044710167"
    }
  },
  "validation": false,
  "report_count": 0,
  "writer_nickname": "골프치는라이언",
  "writer_profile": "https://j7b301.p.ssafy.io/api/user/profile?from=/app/data/profiles/2.png",
  "like_count": -1,
  "representative": 0,
  "images": [
    {
      "imageId": 2,
      "imageTag": [
        "potted plant",
        "handbag",
        "person",
        "chair"
      ],
      "imageUrl": "https://j7b301.p.ssafy.io/api/image?imageId=2",
      "imageAesthetic": 4,
      "imageQuality": 6
    },
    {
      "imageId": 4,
      "imageTag": [],
      "imageUrl": "https://j7b301.p.ssafy.io/api/image?imageId=4",
      "imageAesthetic": 4,
      "imageQuality": 3
    }
  ],
  "scrap_users": [],
  "like_users": [],
  "_class": "com.gdcd.back.domain.post.Post"
},{
  "_id": 5,
  "writer_no": 2,
  "title": "ㅇ",
  "content": "가자\n",
  "privacy_bound": 1,
  "regist_time": {
    "$date": {
      "$numberLong": "1665045052335"
    }
  },
  "update_time": {
    "$date": {
      "$numberLong": "1665045052335"
    }
  },
  "validation": false,
  "report_count": 0,
  "writer_nickname": "골프치는라이언",
  "writer_profile": "https://j7b301.p.ssafy.io/api/user/profile?from=/app/data/profiles/2.png",
  "like_count": -1,
  "representative": 0,
  "images": [
    {
      "imageId": 4,
      "imageTag": [],
      "imageUrl": "https://j7b301.p.ssafy.io/api/image?imageId=4",
      "imageAesthetic": 4,
      "imageQuality": 3
    },
    {
      "imageId": 2,
      "imageTag": [
        "potted plant",
        "handbag",
        "person",
        "chair"
      ],
      "imageUrl": "https://j7b301.p.ssafy.io/api/image?imageId=2",
      "imageAesthetic": 4,
      "imageQuality": 6
    }
  ],
  "scrap_users": [],
  "like_users": [],
  "_class": "com.gdcd.back.domain.post.Post"
},{
  "_id": 6,
  "writer_no": 1,
  "title": "내가 이제 코치님들을 없애볼게 !",
  "content": "하나 둘 셋 얍!",
  "privacy_bound": 1,
  "regist_time": {
    "$date": {
      "$numberLong": "1665045786781"
    }
  },
  "update_time": {
    "$date": {
      "$numberLong": "1665092240555"
    }
  },
  "validation": true,
  "report_count": 0,
  "writer_nickname": "승효",
  "writer_profile": "https://j7b301.p.ssafy.io/api/user/profile?from=/app/data/profiles/default.jpeg",
  "like_count": 2,
  "representative": 0,
  "images": [
    {
      "imageId": 9,
      "imageTag": [
        "tie",
        "bench",
        "baseball bat",
        "person"
      ],
      "imageUrl": "https://j7b301.p.ssafy.io/api/image?imageId=9",
      "imageAesthetic": 8,
      "imageQuality": 8
    },
    {
      "imageId": 11,
      "imageTag": [
        "tie",
        "bench",
        "baseball bat",
        "person"
      ],
      "imageUrl": "https://j7b301.p.ssafy.io/api/image?imageId=11",
      "imageAesthetic": 8,
      "imageQuality": 7
    }
  ],
  "scrap_users": [
    2,
    1
  ],
  "like_users": [
    2,
    1
  ],
  "_class": "com.gdcd.back.domain.post.Post"
},{
  "_id": 7,
  "writer_no": 2,
  "title": "ㅇㅇ",
  "content": "ㅇ",
  "privacy_bound": 1,
  "regist_time": {
    "$date": {
      "$numberLong": "1665055810139"
    }
  },
  "update_time": {
    "$date": {
      "$numberLong": "1665055810139"
    }
  },
  "validation": false,
  "report_count": 0,
  "writer_nickname": "골프치는라이언",
  "writer_profile": "https://j7b301.p.ssafy.io/api/user/profile?from=/app/data/profiles/2.png",
  "like_count": -1,
  "representative": 0,
  "images": [
    {
      "imageId": 2,
      "imageTag": [
        "potted plant",
        "handbag",
        "person",
        "chair"
      ],
      "imageUrl": "https://j7b301.p.ssafy.io/api/image?imageId=2",
      "imageAesthetic": 4,
      "imageQuality": 6
    },
    {
      "imageId": 4,
      "imageTag": [],
      "imageUrl": "https://j7b301.p.ssafy.io/api/image?imageId=4",
      "imageAesthetic": 4,
      "imageQuality": 3
    }
  ],
  "scrap_users": [],
  "like_users": [],
  "_class": "com.gdcd.back.domain.post.Post"
},{
  "_id": 8,
  "writer_no": 2,
  "title": "글 작성 예제입니다.",
  "content": "글 내용 작성입니다.",
  "privacy_bound": 1,
  "regist_time": {
    "$date": {
      "$numberLong": "1665057123109"
    }
  },
  "update_time": {
    "$date": {
      "$numberLong": "1665060740521"
    }
  },
  "validation": false,
  "report_count": 0,
  "writer_nickname": "골프치는라이언",
  "writer_profile": "https://j7b301.p.ssafy.io/api/user/profile?from=/app/data/profiles/2.png",
  "like_count": 0,
  "representative": 0,
  "images": [
    {
      "imageId": 2,
      "imageTag": [
        "potted plant",
        "handbag",
        "person",
        "chair"
      ],
      "imageUrl": "https://j7b301.p.ssafy.io/api/image?imageId=2",
      "imageAesthetic": 4,
      "imageQuality": 6
    },
    {
      "imageId": 4,
      "imageTag": [],
      "imageUrl": "https://j7b301.p.ssafy.io/api/image?imageId=4",
      "imageAesthetic": 4,
      "imageQuality": 3
    }
  ],
  "scrap_users": [
    2
  ],
  "like_users": [
    2
  ],
  "_class": "com.gdcd.back.domain.post.Post"
},{
  "_id": 9,
  "writer_no": 2,
  "title": "ㅇ",
  "content": "ㅇ",
  "privacy_bound": 1,
  "regist_time": {
    "$date": {
      "$numberLong": "1665058156862"
    }
  },
  "update_time": {
    "$date": {
      "$numberLong": "1665058156862"
    }
  },
  "validation": false,
  "report_count": 0,
  "writer_nickname": "골프치는라이언",
  "writer_profile": "https://j7b301.p.ssafy.io/api/user/profile?from=/app/data/profiles/2.png",
  "like_count": -1,
  "representative": 0,
  "images": [
    {
      "imageId": 7,
      "imageTag": [
        "person"
      ],
      "imageUrl": "https://j7b301.p.ssafy.io/api/image?imageId=7",
      "imageAesthetic": 2,
      "imageQuality": 4
    }
  ],
  "scrap_users": [],
  "like_users": [],
  "_class": "com.gdcd.back.domain.post.Post"
},{
  "_id": 10,
  "writer_no": 2,
  "title": "ㅇ",
  "content": "ㅇㅇㅇ",
  "privacy_bound": 1,
  "regist_time": {
    "$date": {
      "$numberLong": "1665058207455"
    }
  },
  "update_time": {
    "$date": {
      "$numberLong": "1665058207455"
    }
  },
  "validation": false,
  "report_count": 0,
  "writer_nickname": "골프치는라이언",
  "writer_profile": "https://j7b301.p.ssafy.io/api/user/profile?from=/app/data/profiles/2.png",
  "like_count": -1,
  "representative": 0,
  "images": [
    {
      "imageId": 5,
      "imageTag": [
        "potted plant",
        "handbag",
        "person",
        "chair"
      ],
      "imageUrl": "https://j7b301.p.ssafy.io/api/image?imageId=5",
      "imageAesthetic": 4,
      "imageQuality": 6
    },
    {
      "imageId": 7,
      "imageTag": [
        "person"
      ],
      "imageUrl": "https://j7b301.p.ssafy.io/api/image?imageId=7",
      "imageAesthetic": 2,
      "imageQuality": 4
    }
  ],
  "scrap_users": [],
  "like_users": [],
  "_class": "com.gdcd.back.domain.post.Post"
},{
  "_id": 11,
  "writer_no": 2,
  "title": "제목을 작성합니다.",
  "content": "내용을 작성해주세요!내용을 작성해주세요!내용을 작성해주세요!내용을 작성해주세요!내용을 작성해주세요!내용을 작성해주세요!내용을 작성해주세요!내용을 작성해주세요!",
  "privacy_bound": 1,
  "regist_time": {
    "$date": {
      "$numberLong": "1665062519355"
    }
  },
  "update_time": {
    "$date": {
      "$numberLong": "1665062840780"
    }
  },
  "validation": false,
  "report_count": 0,
  "writer_nickname": "골프치는라이언",
  "writer_profile": "https://j7b301.p.ssafy.io/api/user/profile?from=/app/data/profiles/2.png",
  "like_count": 0,
  "representative": 0,
  "images": [
    {
      "imageId": 2,
      "imageTag": [
        "potted plant",
        "handbag",
        "person",
        "chair"
      ],
      "imageUrl": "https://j7b301.p.ssafy.io/api/image?imageId=2",
      "imageAesthetic": 4,
      "imageQuality": 6
    },
    {
      "imageId": 4,
      "imageTag": [],
      "imageUrl": "https://j7b301.p.ssafy.io/api/image?imageId=4",
      "imageAesthetic": 4,
      "imageQuality": 3
    }
  ],
  "scrap_users": [
    2
  ],
  "like_users": [
    2
  ],
  "_class": "com.gdcd.back.domain.post.Post"
},{
  "_id": 12,
  "writer_no": 2,
  "title": "뱃지는 어디에 넣는 것이 가장 좋을까요?",
  "content": "귀찮으니까 안넣을래여 ㅋ",
  "privacy_bound": 1,
  "regist_time": {
    "$date": {
      "$numberLong": "1665063383973"
    }
  },
  "update_time": {
    "$date": {
      "$numberLong": "1665066187446"
    }
  },
  "validation": false,
  "report_count": 0,
  "writer_nickname": "골프치는라이언",
  "writer_profile": "https://j7b301.p.ssafy.io/api/user/profile?from=/app/data/profiles/2.png",
  "like_count": 0,
  "representative": 0,
  "images": [
    {
      "imageId": 4,
      "imageTag": [],
      "imageUrl": "https://j7b301.p.ssafy.io/api/image?imageId=4",
      "imageAesthetic": 4,
      "imageQuality": 3
    }
  ],
  "scrap_users": [],
  "like_users": [
    2
  ],
  "_class": "com.gdcd.back.domain.post.Post"
},{
  "_id": 13,
  "writer_no": 2,
  "title": "이게 고민이에요",
  "content": "제가 하나 도와드렸으니까 선생님도 하나 도와주시겠어요?",
  "privacy_bound": 1,
  "regist_time": {
    "$date": {
      "$numberLong": "1665063393456"
    }
  },
  "update_time": {
    "$date": {
      "$numberLong": "1665066290510"
    }
  },
  "validation": false,
  "report_count": 0,
  "writer_nickname": "골프치는라이언",
  "writer_profile": "https://j7b301.p.ssafy.io/api/user/profile?from=/app/data/profiles/2.png",
  "like_count": 0,
  "representative": 0,
  "images": [
    {
      "imageId": 2,
      "imageTag": [
        "potted plant",
        "handbag",
        "person",
        "chair"
      ],
      "imageUrl": "https://j7b301.p.ssafy.io/api/image?imageId=2",
      "imageAesthetic": 4,
      "imageQuality": 6
    }
  ],
  "scrap_users": [
    2
  ],
  "like_users": [
    2
  ],
  "_class": "com.gdcd.back.domain.post.Post"
},{
  "_id": 14,
  "writer_no": 2,
  "title": "ㅇ",
  "content": "ㅇ",
  "privacy_bound": 1,
  "regist_time": {
    "$date": {
      "$numberLong": "1665063399886"
    }
  },
  "update_time": {
    "$date": {
      "$numberLong": "1665063399886"
    }
  },
  "validation": false,
  "report_count": 0,
  "writer_nickname": "골프치는라이언",
  "writer_profile": "https://j7b301.p.ssafy.io/api/user/profile?from=/app/data/profiles/2.png",
  "like_count": -1,
  "representative": 0,
  "images": [
    {
      "imageId": 2,
      "imageTag": [
        "potted plant",
        "handbag",
        "person",
        "chair"
      ],
      "imageUrl": "https://j7b301.p.ssafy.io/api/image?imageId=2",
      "imageAesthetic": 4,
      "imageQuality": 6
    }
  ],
  "scrap_users": [],
  "like_users": [],
  "_class": "com.gdcd.back.domain.post.Post"
},{
  "_id": 15,
  "writer_no": 2,
  "title": "전체적으로 봤을 때 조금 큰가여?",
  "content": " 인풋창의 통일성이 없다. 인풋창의 통일성이 없다. vv 인풋창의 통일성이 없다. 인풋창의 통일성이 없다. 인풋창의 통일성이 없다. 인풋창의 통일성이 없다.",
  "privacy_bound": 1,
  "regist_time": {
    "$date": {
      "$numberLong": "1665076043646"
    }
  },
  "update_time": {
    "$date": {
      "$numberLong": "1665082202054"
    }
  },
  "validation": false,
  "report_count": 0,
  "writer_nickname": "골프치는라이언",
  "writer_profile": "https://j7b301.p.ssafy.io/api/user/profile?from=/app/data/profiles/2.png",
  "like_count": 0,
  "representative": 0,
  "images": [
    {
      "imageId": 4,
      "imageTag": [],
      "imageUrl": "https://j7b301.p.ssafy.io/api/image?imageId=4",
      "imageAesthetic": 4,
      "imageQuality": 3
    },
    {
      "imageId": 2,
      "imageTag": [
        "potted plant",
        "handbag",
        "person",
        "chair"
      ],
      "imageUrl": "https://j7b301.p.ssafy.io/api/image?imageId=2",
      "imageAesthetic": 4,
      "imageQuality": 6
    }
  ],
  "scrap_users": [],
  "like_users": [
    2
  ],
  "_class": "com.gdcd.back.domain.post.Post"
},{
  "_id": 16,
  "writer_no": 2,
  "title": "지나가는 아저씨 사라짐",
  "content": "아저씨 사라짐",
  "privacy_bound": 1,
  "regist_time": {
    "$date": {
      "$numberLong": "1665092762361"
    }
  },
  "update_time": {
    "$date": {
      "$numberLong": "1665092762361"
    }
  },
  "validation": false,
  "report_count": 0,
  "writer_nickname": "골프치는라이언",
  "writer_profile": "https://j7b301.p.ssafy.io/api/user/profile?from=/app/data/profiles/2.png",
  "like_count": -1,
  "representative": 0,
  "images": [
    {
      "imageId": 62,
      "imageTag": [
        "person",
        "clock"
      ],
      "imageUrl": "https://j7b301.p.ssafy.io/api/image?imageId=62",
      "imageAesthetic": 8,
      "imageQuality": 4
    },
    {
      "imageId": 63,
      "imageTag": [],
      "imageUrl": "https://j7b301.p.ssafy.io/api/image?imageId=63",
      "imageAesthetic": 7,
      "imageQuality": 5
    }
  ],
  "scrap_users": [],
  "like_users": [],
  "_class": "com.gdcd.back.domain.post.Post"
},{
  "_id": 17,
  "writer_no": 4,
  "title": "진짜 너무 맘에 듭니다",
  "content": "뒤에 사람 있어서 프사 하기 고민됐는데 덕분에 사람 잘 지우고 갑니다 ^^7",
  "privacy_bound": 1,
  "regist_time": {
    "$date": {
      "$numberLong": "1665092833598"
    }
  },
  "update_time": {
    "$date": {
      "$numberLong": "1665092833598"
    }
  },
  "validation": true,
  "report_count": 0,
  "writer_nickname": "민초조아",
  "writer_profile": "https://j7b301.p.ssafy.io/api/user/profile?from=/app/data/profiles/4.jpeg",
  "like_count": 3,
  "representative": 0,
  "images": [
    {
      "imageId": 64,
      "imageTag": [
        "car",
        "person"
      ],
      "imageUrl": "https://j7b301.p.ssafy.io/api/image?imageId=64",
      "imageAesthetic": 7,
      "imageQuality": 1
    },
    {
      "imageId": 65,
      "imageTag": [
        "person"
      ],
      "imageUrl": "https://j7b301.p.ssafy.io/api/image?imageId=65",
      "imageAesthetic": 7,
      "imageQuality": 2
    }
  ],
  "scrap_users": [
    2
  ],
  "like_users": [
    4,
    2,
    1
  ],
  "_class": "com.gdcd.back.domain.post.Post"
},{
  "_id": 18,
  "writer_no": 2,
  "title": "돈까스 사진 올렸는데 누가 하나 먹음",
  "content": "범인 자수해 ",
  "privacy_bound": 1,
  "regist_time": {
    "$date": {
      "$numberLong": "1665093170132"
    }
  },
  "update_time": {
    "$date": {
      "$numberLong": "1665093170132"
    }
  },
  "validation": true,
  "report_count": 0,
  "writer_nickname": "골프치는라이언",
  "writer_profile": "https://j7b301.p.ssafy.io/api/user/profile?from=/app/data/profiles/2.png",
  "like_count": 1,
  "representative": 0,
  "images": [
    {
      "imageId": 71,
      "imageTag": [
        "person",
        "dining table",
        "spoon",
        "sandwich",
        "bowl",
        "hot dog"
      ],
      "imageUrl": "https://j7b301.p.ssafy.io/api/image?imageId=71",
      "imageAesthetic": 5,
      "imageQuality": 6
    },
    {
      "imageId": 72,
      "imageTag": [
        "person",
        "dining table",
        "spoon",
        "bowl",
        "hot dog"
      ],
      "imageUrl": "https://j7b301.p.ssafy.io/api/image?imageId=72",
      "imageAesthetic": 3,
      "imageQuality": 7
    }
  ],
  "scrap_users": [
    2
  ],
  "like_users": [
    2
  ],
  "_class": "com.gdcd.back.domain.post.Post"
},{
  "_id": 19,
  "writer_no": 2,
  "title": "메리크리스마스",
  "content": "크리스마스 빨리 왔으면 좋겠다.",
  "privacy_bound": 1,
  "regist_time": {
    "$date": {
      "$numberLong": "1665093334011"
    }
  },
  "update_time": {
    "$date": {
      "$numberLong": "1665093334011"
    }
  },
  "validation": true,
  "report_count": 0,
  "writer_nickname": "골프치는라이언",
  "writer_profile": "https://j7b301.p.ssafy.io/api/user/profile?from=/app/data/profiles/2.png",
  "like_count": 1,
  "representative": 0,
  "images": [
    {
      "imageId": 73,
      "imageTag": [
        "person"
      ],
      "imageUrl": "https://j7b301.p.ssafy.io/api/image?imageId=73",
      "imageAesthetic": 7,
      "imageQuality": 8
    },
    {
      "imageId": 74,
      "imageTag": [
        "person",
        "teddy bear"
      ],
      "imageUrl": "https://j7b301.p.ssafy.io/api/image?imageId=74",
      "imageAesthetic": 7,
      "imageQuality": 7
    }
  ],
  "scrap_users": [
    2
  ],
  "like_users": [
    2
  ],
  "_class": "com.gdcd.back.domain.post.Post"
},{
  "_id": 20,
  "writer_no": 2,
  "title": "지저분한 것들을 지워보아요",
  "content": "나 혼자만 남았다!",
  "privacy_bound": 1,
  "regist_time": {
    "$date": {
      "$numberLong": "1665093522530"
    }
  },
  "update_time": {
    "$date": {
      "$numberLong": "1665093522530"
    }
  },
  "validation": false,
  "report_count": 0,
  "writer_nickname": "골프치는라이언",
  "writer_profile": "https://j7b301.p.ssafy.io/api/user/profile?from=/app/data/profiles/2.png",
  "like_count": -1,
  "representative": 0,
  "images": [
    {
      "imageId": 5,
      "imageTag": [
        "potted plant",
        "handbag",
        "person",
        "chair"
      ],
      "imageUrl": "https://j7b301.p.ssafy.io/api/image?imageId=5",
      "imageAesthetic": 4,
      "imageQuality": 6
    },
    {
      "imageId": 7,
      "imageTag": [
        "person"
      ],
      "imageUrl": "https://j7b301.p.ssafy.io/api/image?imageId=7",
      "imageAesthetic": 2,
      "imageQuality": 4
    }
  ],
  "scrap_users": [],
  "like_users": [],
  "_class": "com.gdcd.back.domain.post.Post"
},{
  "_id": 21,
  "writer_no": 1,
  "title": "쓰레기도 지워줘라ㅇ악!!!!",
  "content": "쓰레기는 왜 안지워주냐악",
  "privacy_bound": 1,
  "regist_time": {
    "$date": {
      "$numberLong": "1665096066492"
    }
  },
  "update_time": {
    "$date": {
      "$numberLong": "1665096066492"
    }
  },
  "validation": true,
  "report_count": 0,
  "writer_nickname": "승효",
  "writer_profile": "https://j7b301.p.ssafy.io/api/user/profile?from=/app/data/profiles/default.jpeg",
  "like_count": 1,
  "representative": 0,
  "images": [
    {
      "imageId": 92,
      "imageTag": [
        "car",
        "person",
        "cell phone"
      ],
      "imageUrl": "https://j7b301.p.ssafy.io/api/image?imageId=92",
      "imageAesthetic": 9,
      "imageQuality": 5
    },
    {
      "imageId": 87,
      "imageTag": [
        "car",
        "person",
        "cell phone"
      ],
      "imageUrl": "https://j7b301.p.ssafy.io/api/image?imageId=87",
      "imageAesthetic": 9,
      "imageQuality": 4
    }
  ],
  "scrap_users": [
    2
  ],
  "like_users": [
    2
  ],
  "_class": "com.gdcd.back.domain.post.Post"
},{
  "_id": 22,
  "writer_no": 2,
  "title": "다시보니 이게 더 나아요",
  "content": "와아아아",
  "privacy_bound": 1,
  "regist_time": {
    "$date": {
      "$numberLong": "1665096331951"
    }
  },
  "update_time": {
    "$date": {
      "$numberLong": "1665096952276"
    }
  },
  "validation": false,
  "report_count": 0,
  "writer_nickname": "골프치는라이언",
  "writer_profile": "https://j7b301.p.ssafy.io/api/user/profile?from=/app/data/profiles/2.png",
  "like_count": -1,
  "representative": 0,
  "images": [
    {
      "imageId": 83,
      "imageTag": [
        "potted plant",
        "handbag",
        "person",
        "chair"
      ],
      "imageUrl": "https://j7b301.p.ssafy.io/api/image?imageId=83",
      "imageAesthetic": 4,
      "imageQuality": 6
    },
    {
      "imageId": 85,
      "imageTag": [
        "potted plant",
        "person"
      ],
      "imageUrl": "https://j7b301.p.ssafy.io/api/image?imageId=85",
      "imageAesthetic": 3,
      "imageQuality": 5
    }
  ],
  "scrap_users": [],
  "like_users": [],
  "_class": "com.gdcd.back.domain.post.Post"
},{
  "_id": 23,
  "writer_no": 2,
  "title": "이 사진이 더 좋아요",
  "content": "와아아아",
  "privacy_bound": 1,
  "regist_time": {
    "$date": {
      "$numberLong": "1665098809917"
    }
  },
  "update_time": {
    "$date": {
      "$numberLong": "1665098947896"
    }
  },
  "validation": true,
  "report_count": 0,
  "writer_nickname": "골프치는라이언",
  "writer_profile": "https://j7b301.p.ssafy.io/api/user/profile?from=/app/data/profiles/2.png",
  "like_count": 0,
  "representative": 0,
  "images": [
    {
      "imageId": 83,
      "imageTag": [
        "potted plant",
        "handbag",
        "person",
        "chair"
      ],
      "imageUrl": "https://j7b301.p.ssafy.io/api/image?imageId=83",
      "imageAesthetic": 4,
      "imageQuality": 6
    },
    {
      "imageId": 85,
      "imageTag": [
        "potted plant",
        "person"
      ],
      "imageUrl": "https://j7b301.p.ssafy.io/api/image?imageId=85",
      "imageAesthetic": 3,
      "imageQuality": 5
    }
  ],
  "scrap_users": [],
  "like_users": [],
  "_class": "com.gdcd.back.domain.post.Post"
}]