[{
  "_id": 1,
  "user": 2,
  "done": 7,
  "_class": "com.gdcd.back.domain.image.optrequest.OptRequest"
},{
  "_id": 2,
  "user": 2,
  "done": 7,
  "_class": "com.gdcd.back.domain.image.optrequest.OptRequest"
},{
  "_id": 3,
  "user": 2,
  "done": 7,
  "_class": "com.gdcd.back.domain.image.optrequest.OptRequest"
},{
  "_id": 4,
  "user": 2,
  "done": 7,
  "_class": "com.gdcd.back.domain.image.optrequest.OptRequest"
},{
  "_id": 5,
  "user": 1,
  "done": 7,
  "_class": "com.gdcd.back.domain.image.optrequest.OptRequest"
},{
  "_id": 6,
  "user": 1,
  "done": 7,
  "_class": "com.gdcd.back.domain.image.optrequest.OptRequest"
},{
  "_id": 7,
  "user": 6,
  "done": 7,
  "_class": "com.gdcd.back.domain.image.optrequest.OptRequest"
},{
  "_id": 8,
  "user": 5,
  "done": 7,
  "_class": "com.gdcd.back.domain.image.optrequest.OptRequest"
},{
  "_id": 9,
  "user": 5,
  "done": 7,
  "_class": "com.gdcd.back.domain.image.optrequest.OptRequest"
},{
  "_id": 10,
  "user": 3,
  "done": 7,
  "_class": "com.gdcd.back.domain.image.optrequest.OptRequest"
},{
  "_id": 11,
  "user": 3,
  "done": 7,
  "_class": "com.gdcd.back.domain.image.optrequest.OptRequest"
},{
  "_id": 12,
  "user": 3,
  "done": 7,
  "_class": "com.gdcd.back.domain.image.optrequest.OptRequest"
},{
  "_id": 13,
  "user": 3,
  "done": 7,
  "_class": "com.gdcd.back.domain.image.optrequest.OptRequest"
},{
  "_id": 14,
  "user": 3,
  "done": 7,
  "_class": "com.gdcd.back.domain.image.optrequest.OptRequest"
},{
  "_id": 15,
  "user": 2,
  "done": 7,
  "_class": "com.gdcd.back.domain.image.optrequest.OptRequest"
},{
  "_id": 16,
  "user": 2,
  "done": 7,
  "_class": "com.gdcd.back.domain.image.optrequest.OptRequest"
},{
  "_id": 17,
  "user": 2,
  "done": 7,
  "_class": "com.gdcd.back.domain.image.optrequest.OptRequest"
},{
  "_id": 18,
  "user": 1,
  "done": 7,
  "_class": "com.gdcd.back.domain.image.optrequest.OptRequest"
},{
  "_id": 19,
  "user": 1,
  "done": 7,
  "_class": "com.gdcd.back.domain.image.optrequest.OptRequest"
},{
  "_id": 20,
  "user": 2,
  "done": 7,
  "_class": "com.gdcd.back.domain.image.optrequest.OptRequest"
},{
  "_id": 21,
  "user": 2,
  "done": 7,
  "_class": "com.gdcd.back.domain.image.optrequest.OptRequest"
},{
  "_id": 22,
  "user": 1,
  "done": 7,
  "_class": "com.gdcd.back.domain.image.optrequest.OptRequest"
},{
  "_id": 23,
  "user": 1,
  "done": 7,
  "_class": "com.gdcd.back.domain.image.optrequest.OptRequest"
},{
  "_id": 24,
  "user": 3,
  "done": 7,
  "_class": "com.gdcd.back.domain.image.optrequest.OptRequest"
},{
  "_id": 25,
  "user": 3,
  "done": 7,
  "_class": "com.gdcd.back.domain.image.optrequest.OptRequest"
},{
  "_id": 26,
  "user": 3,
  "done": 7,
  "_class": "com.gdcd.back.domain.image.optrequest.OptRequest"
},{
  "_id": 27,
  "user": 2,
  "done": 7,
  "_class": "com.gdcd.back.domain.image.optrequest.OptRequest"
},{
  "_id": 28,
  "user": 3,
  "done": 7,
  "_class": "com.gdcd.back.domain.image.optrequest.OptRequest"
}]