[{
  "_id": 1,
  "email": "ibgdrgn0@gmail.com",
  "nickname": "승효",
  "profile": "https://j7b301.p.ssafy.io/api/user/profile?from=/app/data/profiles/default.jpeg",
  "storage_path": "/app/data/profiles/default.jpeg",
  "regist_date": {
    "$date": {
      "$numberLong": "1665040097160"
    }
  },
  "validation": true,
  "post_count": 2,
  "scrap_count": 1,
  "scrap_posts": [
    6
  ],
  "like_count": 2,
  "like_posts": [
    6,
    17
  ],
  "follower_count": 1,
  "following_count": 1,
  "daily_reports": 0,
  "_class": "com.gdcd.back.domain.user.User"
},{
  "_id": 2,
  "email": "tjdejr337@gmail.com",
  "nickname": "골프치는라이언",
  "profile": "https://j7b301.p.ssafy.io/api/user/profile?from=/app/data/profiles/2.png",
  "storage_path": "/app/data/profiles/2.png",
  "regist_date": {
    "$date": {
      "$numberLong": "1665040135933"
    }
  },
  "validation": true,
  "post_count": 3,
  "scrap_count": 5,
  "scrap_posts": [
    6,
    17,
    18,
    19,
    21
  ],
  "like_count": 5,
  "like_posts": [
    6,
    17,
    18,
    19,
    21
  ],
  "follower_count": 2,
  "following_count": 1,
  "daily_reports": 0,
  "_class": "com.gdcd.back.domain.user.User"
},{
  "_id": 3,
  "email": "dkdldpa9024@gmail.com",
  "nickname": "인테그랄",
  "profile": "https://j7b301.p.ssafy.io/api/user/profile?from=/app/data/profiles/default.jpeg",
  "storage_path": "/app/data/profiles/default.jpeg",
  "regist_date": {
    "$date": {
      "$numberLong": "1665041575511"
    }
  },
  "validation": true,
  "post_count": 0,
  "scrap_count": 0,
  "scrap_posts": [],
  "like_count": 0,
  "like_posts": [],
  "follower_count": 0,
  "following_count": 0,
  "daily_reports": 0,
  "_class": "com.gdcd.back.domain.user.User"
},{
  "_id": 4,
  "email": "dofl8780@gmail.com",
  "nickname": "민초조아",
  "profile": "https://j7b301.p.ssafy.io/api/user/profile?from=/app/data/profiles/4.jpeg",
  "storage_path": "/app/data/profiles/4.jpeg",
  "regist_date": {
    "$date": {
      "$numberLong": "1665042017569"
    }
  },
  "validation": true,
  "post_count": 1,
  "scrap_count": 0,
  "scrap_posts": [],
  "like_count": 1,
  "like_posts": [
    17
  ],
  "follower_count": 0,
  "following_count": 1,
  "daily_reports": 0,
  "_class": "com.gdcd.back.domain.user.User"
},{
  "_id": 5,
  "email": "jgh1320@korea.ac.kr",
  "nickname": "‍장종환[ 학부졸업 / 전자및정보공학과 ]",
  "profile": "https://j7b301.p.ssafy.io/api/user/profile?from=/app/data/profiles/default.jpeg",
  "storage_path": "/app/data/profiles/default.jpeg",
  "regist_date": {
    "$date": {
      "$numberLong": "1665047862833"
    }
  },
  "validation": true,
  "post_count": 0,
  "scrap_count": 0,
  "scrap_posts": [],
  "like_count": 0,
  "like_posts": [],
  "follower_count": 0,
  "following_count": 0,
  "daily_reports": 0,
  "_class": "com.gdcd.back.domain.user.User"
},{
  "_id": 6,
  "email": "jourgeois.ad@gmail.com",
  "nickname": "admin jourgeois",
  "profile": "https://j7b301.p.ssafy.io/api/user/profile?from=/app/data/profiles/default.jpeg",
  "storage_path": "/app/data/profiles/default.jpeg",
  "regist_date": {
    "$date": {
      "$numberLong": "1665068976843"
    }
  },
  "validation": true,
  "post_count": 0,
  "scrap_count": 0,
  "scrap_posts": [],
  "like_count": 0,
  "like_posts": [],
  "follower_count": 0,
  "following_count": 0,
  "daily_reports": 0,
  "_class": "com.gdcd.back.domain.user.User"
}]